Year,FERU,Generalized FERU
1951,0.0367,0.0378
1951.25,0.0352,0.0366
1951.5,0.0352,0.0365
1951.75,0.0363,0.0375
1952,0.0354,0.0367
1952.25,0.0337,0.035
1952.5,0.035,0.0362
1952.75,0.0345,0.036
1953,0.0342,0.0358
1953.25,0.0322,0.0336
1953.5,0.0307,0.0319
1953.75,0.0317,0.0321
1954,0.0345,0.0341
1954.25,0.0346,0.034
1954.5,0.0343,0.0336
1954.75,0.0333,0.0328
1955,0.0342,0.0341
1955.25,0.0352,0.0354
1955.5,0.0358,0.0364
1955.75,0.0372,0.0378
1956,0.0373,0.038
1956.25,0.0372,0.0378
1956.5,0.0359,0.0365
1956.75,0.0362,0.0368
1957,0.0351,0.0357
1957.25,0.0342,0.0345
1957.5,0.0335,0.0337
1957.75,0.0321,0.0317
1958,0.034,0.0331
1958.25,0.0352,0.034
1958.5,0.0366,0.0354
1958.75,0.0352,0.0343
1959,0.0364,0.0359
1959.25,0.0364,0.0364
1959.5,0.037,0.0368
1959.75,0.037,0.0367
1960,0.0395,0.0396
1960.25,0.0383,0.0383
1960.5,0.0378,0.0376
1960.75,0.0382,0.0376
1961,0.0389,0.0381
1961.25,0.0404,0.0456
1961.5,0.0413,0.0466
1961.75,0.0415,0.0468
1962,0.0403,0.0455
1962.25,0.0401,0.0451
1962.5,0.0395,0.0445
1962.75,0.0387,0.0436
1963,0.0398,0.0449
1963.25,0.0392,0.0443
1963.5,0.0387,0.0436
1963.75,0.0395,0.0445
1964,0.0395,0.0446
1964.25,0.0396,0.0446
1964.5,0.0397,0.0447
1964.75,0.0402,0.0453
1965,0.041,0.0461
1965.25,0.0412,0.0463
1965.5,0.0409,0.046
1965.75,0.042,0.0472
1966,0.0423,0.0475
1966.25,0.0423,0.0475
1966.5,0.0418,0.0469
1966.75,0.0409,0.0459
1967,0.0413,0.0464
1967.25,0.0408,0.0458
1967.5,0.0403,0.0453
1967.75,0.0411,0.0461
1968,0.0407,0.0457
1968.25,0.0402,0.0451
1968.5,0.0409,0.0459
1968.75,0.0413,0.0464
1969,0.0418,0.0469
1969.25,0.042,0.0471
1969.5,0.0421,0.0472
1969.75,0.0418,0.0469
1970,0.0428,0.0481
1970.25,0.043,0.0484
1970.5,0.0429,0.0483
1970.75,0.0436,0.0491
1971,0.0435,0.049
1971.25,0.0439,0.0495
1971.5,0.0447,0.0504
1971.75,0.0448,0.0504
1972,0.0458,0.0459
1972.25,0.0464,0.0466
1972.5,0.0472,0.0476
1972.75,0.0488,0.0495
1973,0.0487,0.0498
1973.25,0.0484,0.0494
1973.5,0.0477,0.0488
1973.75,0.047,0.048
1974,0.0475,0.0482
1974.25,0.0479,0.0487
1974.5,0.0476,0.0479
1974.75,0.0467,0.0464
1975,0.0479,0.0467
1975.25,0.0494,0.048
1975.5,0.0497,0.0485
1975.75,0.0502,0.0491
1976,0.0501,0.0493
1976.25,0.0502,0.0495
1976.5,0.0505,0.0498
1976.75,0.0515,0.0508
1977,0.0524,0.0519
1977.25,0.0526,0.0523
1977.5,0.053,0.053
1977.75,0.0541,0.0543
1978,0.054,0.0544
1978.25,0.0543,0.055
1978.5,0.0546,0.0554
1978.75,0.055,0.0559
1979,0.0541,0.055
1979.25,0.0539,0.0549
1979.5,0.0544,0.0553
1979.75,0.0545,0.0553
1980,0.0539,0.0543
1980.25,0.0527,0.0524
1980.5,0.0539,0.0534
1980.75,0.0542,0.0539
1981,0.0534,0.0531
1981.25,0.0531,0.0527
1981.5,0.0523,0.0519
1981.75,0.052,0.0511
1982,0.0518,0.0506
1982.25,0.0508,0.0492
1982.5,0.0488,0.0469
1982.75,0.0497,0.0476
1983,0.0504,0.0483
1983.25,0.0522,0.0504
1983.5,0.0527,0.0512
1983.75,0.0535,0.0525
1984,0.0534,0.0528
1984.25,0.0537,0.0533
1984.5,0.0541,0.0538
1984.75,0.0539,0.0537
1985,0.0538,0.0536
1985.25,0.0542,0.054
1985.5,0.054,0.0538
1985.75,0.0532,0.0531
1986,0.0526,0.0524
1986.25,0.0532,0.053
1986.5,0.0524,0.0522
1986.75,0.0522,0.0522
1987,0.0517,0.0517
1987.25,0.0517,0.0519
1987.5,0.0514,0.0519
1987.75,0.051,0.0515
1988,0.0495,0.05
1988.25,0.049,0.0496
1988.5,0.0487,0.0493
1988.75,0.0483,0.0489
1989,0.0467,0.0473
1989.25,0.0466,0.0503
1989.5,0.0457,0.0493
1989.75,0.0463,0.05
1990,0.045,0.0485
1990.25,0.044,0.0473
1990.5,0.0442,0.0475
1990.75,0.0427,0.0457
1991,0.0416,0.0444
1991.25,0.0417,0.0445
1991.5,0.0411,0.0438
1991.75,0.0411,0.0437
1992,0.0418,0.0445
1992.25,0.0429,0.0456
1992.5,0.0429,0.0457
1992.75,0.0428,0.0456
1993,0.0423,0.0451
1993.25,0.0426,0.0454
1993.5,0.0425,0.0454
1993.75,0.0432,0.0461
1994,0.0448,0.0479
1994.25,0.0444,0.0475
1994.5,0.0441,0.0473
1994.75,0.044,0.0472
1995,0.0428,0.046
1995.25,0.0426,0.0457
1995.5,0.0432,0.0464
1995.75,0.0433,0.0465
1996,0.0427,0.0459
1996.25,0.0424,0.0455
1996.5,0.0415,0.0446
1996.75,0.0425,0.0457
1997,0.0427,0.046
1997.25,0.0415,0.0447
1997.5,0.0416,0.0448
1997.75,0.0415,0.0448
1998,0.0419,0.0453
1998.25,0.041,0.0443
1998.5,0.0413,0.0446
1998.75,0.0407,0.044
1999,0.0414,0.0448
1999.25,0.0405,0.0438
1999.5,0.0401,0.0446
1999.75,0.0397,0.0442
2000,0.0406,0.0452
2000.25,0.0391,0.0435
2000.5,0.0386,0.043
2000.75,0.0375,0.0418
2001,0.0389,0.0433
2001.25,0.0376,0.0419
2001.5,0.0379,0.0423
2001.75,0.0383,0.0427
2002,0.0377,0.042
2002.25,0.0376,0.0419
2002.5,0.0368,0.041
2002.75,0.0372,0.0415
2003,0.0363,0.0404
2003.25,0.0364,0.0405
2003.5,0.0365,0.0407
2003.75,0.0359,0.04
2004,0.0366,0.0408
2004.25,0.0369,0.0411
2004.5,0.0362,0.0404
2004.75,0.0371,0.0413
2005,0.0376,0.0419
2005.25,0.037,0.0412
2005.5,0.0371,0.0414
2005.75,0.0376,0.0419
2006,0.0369,0.0411
2006.25,0.0378,0.0421
2006.5,0.0374,0.0417
2006.75,0.0368,0.041
2007,0.0371,0.0414
2007.25,0.0375,0.0418
2007.5,0.0377,0.042
2007.75,0.0381,0.0424
2008,0.0382,0.0425
2008.25,0.0379,0.0422
2008.5,0.0382,0.0425
2008.75,0.0381,0.0425
2009,0.0395,0.044
2009.25,0.0385,0.0428
2009.5,0.0384,0.0428
2009.75,0.0399,0.0376
2010,0.0415,0.0392
2010.25,0.0429,0.0407
2010.5,0.0427,0.0406
2010.75,0.0439,0.0419
2011,0.0429,0.041
2011.25,0.0437,0.0418
2011.5,0.0451,0.0433
2011.75,0.0452,0.0436
2012,0.0449,0.0434
2012.25,0.0453,0.0438
2012.5,0.0445,0.0431
2012.75,0.0439,0.0426
2013,0.0444,0.0432
2013.25,0.0444,0.0432
2013.5,0.0433,0.0423
2013.75,0.0431,0.0422
2014,0.0425,0.0416
2014.25,0.0427,0.0421
2014.5,0.0443,0.044
2014.75,0.0424,0.0421
2015,0.0433,0.0433
2015.25,0.0434,0.0435
2015.5,0.0426,0.0428
2015.75,0.0425,0.0428
2016,0.0426,0.043
2016.25,0.0428,0.0432
2016.5,0.0422,0.0425
2016.75,0.0417,0.042
2017,0.0408,0.0413
2017.25,0.0401,0.0407
2017.5,0.0411,0.0418
2017.75,0.0406,0.0413
2018,0.0403,0.0412
2018.25,0.0409,0.042
2018.5,0.0409,0.0421
2018.75,0.0418,0.0431
2019,0.0418,0.043
2019.25,0.0403,0.0416
2019.5,0.0396,0.0408
2019.75,0.0394,0.0406
