Year,Unemployment rate,Vacancy rate
1951,0.035,0.0385
1951.25,0.031,0.0401
1951.5,0.0317,0.0391
1951.75,0.0337,0.0391
1952,0.0307,0.0408
1952.25,0.0297,0.0383
1952.5,0.0323,0.0379
1952.75,0.0283,0.042
1953,0.027,0.0432
1953.25,0.0257,0.0403
1953.5,0.0273,0.0346
1953.75,0.037,0.0271
1954,0.0527,0.0226
1954.25,0.058,0.0206
1954.5,0.0597,0.0197
1954.75,0.0533,0.0208
1955,0.0473,0.0247
1955.25,0.044,0.0281
1955.5,0.041,0.0313
1955.75,0.0423,0.0328
1956,0.0403,0.0344
1956.25,0.042,0.033
1956.5,0.0413,0.0313
1956.75,0.0413,0.0318
1957,0.0393,0.0314
1957.25,0.041,0.0285
1957.5,0.0423,0.0265
1957.75,0.0493,0.0208
1958,0.063,0.0184
1958.25,0.0737,0.0169
1958.5,0.0733,0.0182
1958.75,0.0637,0.0194
1959,0.0583,0.0227
1959.25,0.051,0.026
1959.5,0.0527,0.0259
1959.75,0.056,0.0245
1960,0.0513,0.0303
1960.25,0.0523,0.028
1960.5,0.0553,0.0258
1960.75,0.0627,0.0233
1961,0.068,0.0223
1961.25,0.07,0.0233
1961.5,0.0677,0.0252
1961.75,0.062,0.0277
1962,0.0563,0.0289
1962.25,0.0553,0.029
1962.5,0.0557,0.028
1962.75,0.0553,0.027
1963,0.0577,0.0275
1963.25,0.0573,0.0269
1963.5,0.055,0.0272
1963.75,0.0557,0.028
1964,0.0547,0.0286
1964.25,0.052,0.0302
1964.5,0.05,0.0315
1964.75,0.0497,0.0325
1965,0.049,0.0343
1965.25,0.0467,0.0363
1965.5,0.0437,0.0383
1965.75,0.041,0.043
1966,0.0387,0.0463
1966.25,0.0383,0.0468
1966.5,0.0377,0.0463
1966.75,0.037,0.0452
1967,0.0383,0.0445
1967.25,0.0383,0.0434
1967.5,0.038,0.0427
1967.75,0.039,0.0433
1968,0.0373,0.0444
1968.25,0.0357,0.0453
1968.5,0.0353,0.0473
1968.75,0.034,0.0502
1969,0.034,0.0515
1969.25,0.0343,0.0513
1969.5,0.0357,0.0497
1969.75,0.0357,0.0489
1970,0.0417,0.0439
1970.25,0.0477,0.0388
1970.5,0.0517,0.0357
1970.75,0.0583,0.0326
1971,0.0593,0.0319
1971.25,0.059,0.0327
1971.5,0.0603,0.0331
1971.75,0.0593,0.0338
1972,0.0577,0.0364
1972.25,0.057,0.0378
1972.5,0.0557,0.0401
1972.75,0.0537,0.0444
1973,0.0493,0.0481
1973.25,0.0493,0.0475
1973.5,0.048,0.0475
1973.75,0.0477,0.0463
1974,0.0513,0.0439
1974.25,0.052,0.0442
1974.5,0.0563,0.0402
1974.75,0.066,0.0331
1975,0.0827,0.0278
1975.25,0.0887,0.0275
1975.5,0.0847,0.0292
1975.75,0.083,0.0303
1976,0.0773,0.0324
1976.25,0.0757,0.0333
1976.5,0.0773,0.033
1976.75,0.0777,0.0341
1977,0.075,0.0366
1977.25,0.0713,0.0388
1977.5,0.069,0.0407
1977.75,0.0667,0.0439
1978,0.0633,0.046
1978.25,0.06,0.0491
1978.5,0.0603,0.0495
1978.75,0.059,0.0513
1979,0.0587,0.0499
1979.25,0.057,0.051
1979.5,0.0587,0.0505
1979.75,0.0597,0.0497
1980,0.063,0.046
1980.25,0.0733,0.0379
1980.5,0.0767,0.0378
1980.75,0.074,0.0396
1981,0.0743,0.0384
1981.25,0.074,0.0381
1981.5,0.074,0.037
1981.75,0.0823,0.0329
1982,0.0883,0.0304
1982.25,0.0943,0.0274
1982.5,0.099,0.024
1982.75,0.1067,0.0232
1983,0.1037,0.0245
1983.25,0.1013,0.0269
1983.5,0.0937,0.0296
1983.75,0.0853,0.0335
1984,0.0787,0.0363
1984.25,0.0743,0.0388
1984.5,0.0743,0.0394
1984.75,0.073,0.0399
1985,0.0723,0.04
1985.25,0.073,0.0402
1985.5,0.072,0.0404
1985.75,0.0703,0.0402
1986,0.0703,0.0393
1986.25,0.0717,0.0395
1986.5,0.0697,0.0394
1986.75,0.0683,0.0399
1987,0.066,0.0405
1987.25,0.0627,0.0426
1987.5,0.06,0.0441
1987.75,0.0583,0.0446
1988,0.057,0.0431
1988.25,0.0547,0.0438
1988.5,0.0547,0.0434
1988.75,0.0533,0.0437
1989,0.052,0.0419
1989.25,0.0523,0.0414
1989.5,0.0523,0.04
1989.75,0.0537,0.04
1990,0.053,0.0382
1990.25,0.0533,0.0363
1990.5,0.057,0.0343
1990.75,0.0613,0.0297
1991,0.066,0.0262
1991.25,0.0683,0.0254
1991.5,0.0687,0.0246
1991.75,0.071,0.0238
1992,0.0737,0.0237
1992.25,0.076,0.0242
1992.5,0.0763,0.0241
1992.75,0.0737,0.0249
1993,0.0713,0.0251
1993.25,0.0707,0.0257
1993.5,0.068,0.0266
1993.75,0.0663,0.0281
1994,0.0657,0.0305
1994.25,0.062,0.0317
1994.5,0.06,0.0324
1994.75,0.0563,0.0343
1995,0.0547,0.0335
1995.25,0.0567,0.032
1995.5,0.0567,0.033
1995.75,0.0557,0.0336
1996,0.0553,0.033
1996.25,0.055,0.0327
1996.5,0.0527,0.0327
1996.75,0.0533,0.0339
1997,0.0523,0.0349
1997.25,0.05,0.0344
1997.5,0.0487,0.0355
1997.75,0.0467,0.0369
1998,0.0463,0.038
1998.25,0.044,0.0381
1998.5,0.0453,0.0376
1998.75,0.0443,0.0374
1999,0.043,0.0398
1999.25,0.0427,0.0385
1999.5,0.0423,0.0379
1999.75,0.0407,0.0387
2000,0.0403,0.0408
2000.25,0.0393,0.0388
2000.5,0.04,0.0372
2000.75,0.039,0.036
2001,0.0423,0.0357
2001.25,0.044,0.0321
2001.5,0.0483,0.0298
2001.75,0.055,0.0267
2002,0.057,0.025
2002.25,0.0583,0.0243
2002.5,0.0573,0.0236
2002.75,0.0587,0.0236
2003,0.0587,0.0225
2003.25,0.0613,0.0216
2003.5,0.0613,0.0218
2003.75,0.0583,0.0221
2004,0.057,0.0235
2004.25,0.056,0.0243
2004.5,0.0543,0.0242
2004.75,0.0543,0.0253
2005,0.053,0.0266
2005.25,0.051,0.0268
2005.5,0.0497,0.0277
2005.75,0.0497,0.0284
2006,0.0473,0.0288
2006.25,0.0463,0.0309
2006.5,0.0463,0.0302
2006.75,0.0443,0.0306
2007,0.045,0.0307
2007.25,0.045,0.0312
2007.5,0.0467,0.0305
2007.75,0.048,0.0302
2008,0.05,0.0291
2008.25,0.0533,0.0269
2008.5,0.06,0.0243
2008.75,0.0687,0.0212
2009,0.0827,0.0189
2009.25,0.093,0.0159
2009.5,0.0963,0.0153
2009.75,0.0993,0.0161
2010,0.0983,0.0175
2010.25,0.0963,0.0191
2010.5,0.0947,0.0192
2010.75,0.095,0.0203
2011,0.0903,0.0204
2011.25,0.0907,0.0211
2011.5,0.09,0.0226
2011.75,0.0863,0.0237
2012,0.0827,0.0243
2012.25,0.082,0.025
2012.5,0.0803,0.0246
2012.75,0.078,0.0247
2013,0.0773,0.0255
2013.25,0.0753,0.0262
2013.5,0.0723,0.026
2013.75,0.0693,0.0268
2014,0.0667,0.027
2014.25,0.062,0.0294
2014.5,0.0607,0.0324
2014.75,0.057,0.0315
2015,0.0553,0.0339
2015.25,0.0543,0.0347
2015.5,0.051,0.0356
2015.75,0.0503,0.0359
2016,0.049,0.037
2016.25,0.0493,0.0371
2016.5,0.049,0.0363
2016.75,0.0477,0.0364
2017,0.0457,0.0365
2017.25,0.0437,0.0369
2017.5,0.0433,0.039
2017.75,0.0417,0.0395
2018,0.0403,0.0403
2018.25,0.0393,0.0426
2018.5,0.0377,0.0445
2018.75,0.0383,0.0457
2019,0.0387,0.0451
2019.25,0.0363,0.0448
2019.5,0.036,0.0436
2019.75,0.036,0.0432
